Employee ID,Department,Age,Years with the Company,PerformanceRating,Absenteeism Rate,Training Hours,Satisfaction Level
1,Sales,41,6,3,5.4881350392732475,0,3.0
2,Research & Development,49,10,4,7.151893663724195,3,2.5
4,Research & Development,37,0,3,6.027633760716439,3,3.5
5,Research & Development,33,8,3,5.448831829968968,3,3.5
7,Research & Development,27,2,3,4.236547993389047,3,1.5
8,Research & Development,32,7,3,6.458941130666561,2,4.0
10,Research & Development,59,1,4,4.375872112626925,3,2.0
11,Research & Development,30,1,4,8.917730007820797,2,3.5
12,Research & Development,38,9,4,9.636627605010293,2,3.5
13,Research & Development,36,7,3,3.8344151882577773,3,3.0
14,Research & Development,35,5,3,7.917250380826646,5,1.5
15,Research & Development,29,9,3,5.288949197529044,3,3.5
16,Research & Development,31,5,3,5.680445610939323,1,2.0
18,Research & Development,34,2,3,9.25596638292661,2,3.0
19,Research & Development,28,4,3,0.7103605819788694,4,3.0
20,Research & Development,29,10,3,0.8712929970154071,1,1.5
21,Research & Development,32,6,3,0.2021839744032572,5,1.5
22,Research & Development,22,1,3,8.32619845547938,2,4.0
23,Sales,53,25,3,7.781567509498505,3,2.5
24,Research & Development,38,3,3,8.700121482468191,3,4.0
26,Research & Development,24,4,3,9.78618342232764,5,2.0
27,Sales,36,5,4,7.9915856421672355,4,2.0
28,Research & Development,34,12,3,4.6147936225293185,4,1.5
30,Research & Development,21,0,3,7.805291762864554,6,3.5
31,Research & Development,34,4,3,1.1827442586893322,2,1.5
32,Research & Development,53,14,3,6.399210213275238,3,3.0
33,Research & Development,32,10,4,1.433532874090464,5,1.5
35,Sales,42,9,3,9.446689170495839,2,2.5
36,Research & Development,44,22,3,5.218483217500717,4,2.5
38,Sales,46,2,3,4.146619399905235,2,1.5
39,Research & Development,33,1,3,2.64555612104627,3,3.5
40,Research & Development,44,4,3,7.742336894342166,5,4.0
41,Research & Development,30,10,3,4.5615033221654855,5,3.5
42,Sales,39,1,3,5.684339488686485,6,4.0
45,Research & Development,24,2,3,0.18789800436355142,2,3.0
46,Research & Development,43,5,3,6.176354970758771,3,3.5
47,Sales,50,3,3,6.120957227224214,2,2.0
49,Sales,35,2,3,6.169339968747569,3,4.0
51,Research & Development,36,1,3,9.437480785146242,3,1.5
52,Sales,33,5,3,6.818202991034834,3,2.0
53,Research & Development,35,1,3,3.59507900573786,3,3.5
54,Research & Development,27,1,3,4.3703195379934145,6,2.5
55,Research & Development,26,1,3,6.976311959272649,2,2.0
56,Sales,27,9,3,0.6022547162926983,0,3.5
57,Research & Development,30,12,4,6.667667154456677,2,3.5
58,Research & Development,41,22,3,6.706378696181594,0,2.5
60,Sales,34,9,4,2.103825610738409,2,2.5
61,Research & Development,37,1,4,1.289262976548533,1,2.0
62,Sales,46,9,4,3.1542835092418384,4,2.5
63,Research & Development,35,1,3,3.637107709426226,2,4.0
64,Research & Development,48,1,3,5.701967704178797,2,2.0
65,Research & Development,28,2,3,4.386015134623204,3,3.0
68,Sales,44,4,4,9.883738380592263,2,1.5
70,Research & Development,35,4,3,1.0204481074802807,3,2.0
72,Sales,26,2,3,2.088767560948347,2,3.5
73,Research & Development,33,15,3,1.6130951788499626,1,2.5
74,Sales,35,9,4,6.531083254653984,3,1.5
75,Research & Development,35,2,3,2.532916025397821,3,2.0
76,Research & Development,31,7,4,4.663107728563062,3,4.0
77,Research & Development,37,7,3,2.4442559200160274,2,2.0
78,Research & Development,32,9,4,1.5896958364551972,3,2.5
79,Research & Development,38,10,3,1.1037514116430513,2,4.0
80,Research & Development,50,27,3,6.563295894652734,2,2.5
81,Sales,59,21,3,1.381829513486138,3,1.0
83,Research & Development,36,17,3,1.965823616800535,2,3.0
84,Research & Development,55,5,3,3.687251706609641,2,3.5
85,Research & Development,36,6,3,8.209932298479352,3,2.0
86,Research & Development,45,1,3,0.9710127579306127,2,1.5
88,Research & Development,35,3,3,8.379449074988038,2,1.5
90,Research & Development,36,1,3,0.9609840789396307,0,3.5
91,Sales,59,4,3,9.764594650133958,2,2.0
94,Research & Development,29,5,4,4.686512016477016,3,2.5
95,Research & Development,31,1,3,9.767610881903371,4,2.5
96,Research & Development,32,10,3,6.04845519745046,3,2.0
97,Research & Development,36,1,3,7.3926357939830165,3,3.0
98,Research & Development,31,11,4,0.39187792254320675,2,3.5
100,Sales,35,15,3,2.828069625764096,2,2.0
101,Research & Development,45,0,3,1.201965612131689,3,2.5
102,Research & Development,37,5,3,2.9614019752214493,3,2.0
103,Human Resources,46,4,4,1.1872771895424405,2,2.0
104,Research & Development,30,10,3,3.1798317939397602,1,4.0
105,Research & Development,35,6,3,4.1426299451467,3,2.5
106,Sales,55,1,3,0.6414749634878436,4,2.5
107,Research & Development,38,13,3,6.924721193700199,3,3.0
110,Research & Development,34,5,3,5.666014542065751,2,1.5
112,Research & Development,56,6,3,2.653894909394454,3,4.0
113,Sales,23,0,3,5.232480534666997,3,2.0
116,Research & Development,51,4,4,0.9394051075844168,4,4.0
117,Research & Development,30,11,3,5.759464955561793,3,3.5
118,Sales,46,9,3,9.292961975762141,3,3.5
119,Research & Development,40,22,4,3.1856895245132364,3,2.5
120,Sales,51,10,4,6.674103799636817,2,3.5
121,Sales,30,11,3,1.3179786240439217,4,2.5
124,Research & Development,46,10,3,7.163272041185655,5,2.0
125,Sales,32,11,3,2.894060929472011,0,2.5
126,Research & Development,54,4,3,1.8319136200711683,5,2.0
128,Sales,24,3,4,5.865129348100831,2,2.0
129,Sales,28,5,3,0.20107546187493552,3,2.5
131,Sales,58,37,3,8.289400292173632,1,3.5
132,Research & Development,44,3,3,0.046954761925470656,3,2.0
133,Human Resources,37,3,4,6.778165367962301,3,2.0
134,Research & Development,32,1,3,2.7000797319216483,2,2.5
137,Research & Development,20,1,3,7.351940221225949,5,4.0
138,Research & Development,34,16,3,9.621885451174382,3,2.0
139,Research & Development,37,1,3,2.48753143519958,2,3.5
140,Human Resources,59,3,4,5.761573344178369,3,3.5
141,Research & Development,50,8,3,5.920419312718391,1,1.5
142,Sales,25,6,3,5.722519057908734,1,3.0
143,Research & Development,25,2,3,2.230816326406183,2,4.0
144,Research & Development,22,0,3,9.52749011516985,5,3.0
145,Research & Development,51,13,4,4.471253786176273,1,1.0
147,Research & Development,34,9,4,8.464086724711278,3,2.0
148,Human Resources,54,5,3,6.994792753175043,3,4.0
150,Research & Development,24,5,3,2.9743695085513364,2,2.5
151,Research & Development,34,1,3,8.137978197024772,3,2.5
152,Sales,37,5,3,3.9650574084698462,3,3.5
153,Research & Development,34,11,3,8.811031971111616,6,2.0
154,Sales,36,9,3,5.812728726358587,6,3.0
155,Research & Development,36,1,4,8.817353618548529,2,2.5
158,Sales,43,25,3,6.925315900777659,3,3.5
159,Research & Development,30,10,4,7.252542798196405,2,2.0
160,Sales,33,7,3,5.013243819267022,2,2.5
161,Research & Development,56,5,3,9.56083634723224,2,2.0
162,Research & Development,51,20,3,6.439901992296374,5,2.0
163,Sales,31,7,3,4.238550485581797,3,2.5
164,Research & Development,26,5,3,6.063932141279244,3,2.5
165,Research & Development,58,40,3,0.19193198309333526,3,4.0
167,Sales,19,0,3,3.0157481667454933,2,3.5
169,Research & Development,22,2,3,6.60173537492685,2,3.5
170,Research & Development,49,15,3,2.9007760721044407,2,2.0
171,Research & Development,43,3,3,6.180154289988415,2,2.5
174,Sales,50,2,3,4.287687009457661,3,3.5
175,Sales,31,2,3,1.3547406422245023,2,2.5
176,Sales,41,9,3,2.9828232595603077,2,3.0
177,Human Resources,26,8,4,5.6996491070126485,3,3.0
178,Research & Development,36,3,4,5.908727612481732,0,2.0
179,Research & Development,51,4,3,5.743252488495788,2,2.5
182,Sales,39,15,3,6.5320081985713365,1,3.5
183,Sales,25,2,3,6.521032700016889,3,2.0
184,Human Resources,30,11,3,4.31418435433974,2,3.5
190,Research & Development,32,5,4,8.96546595851063,2,1.0
192,Research & Development,45,6,3,3.6756187004789656,2,3.5
193,Research & Development,38,3,4,4.358649252656268,2,3.5
194,Research & Development,30,5,3,8.91923355015672,4,2.0
195,Sales,32,8,3,8.061939890460858,2,4.0
197,Research & Development,30,3,3,7.038885835403663,3,2.5
198,Research & Development,30,5,3,1.0022688731230112,3,3.0
199,Research & Development,41,7,3,9.194826137446736,2,2.5
200,Research & Development,41,5,4,7.142412995491114,2,2.0
201,Research & Development,19,1,3,9.988470065678666,3,2.0
202,Research & Development,40,20,3,1.4944830465799375,2,2.0
204,Sales,35,10,3,8.681260573682142,3,2.5
205,Sales,53,7,4,1.6249293467637482,3,2.5
206,Research & Development,45,17,3,6.155595642838442,2,2.0
207,Sales,32,9,3,1.2381998284944151,2,3.0
208,Research & Development,29,10,3,8.480082293222344,1,3.5
211,Research & Development,51,1,3,8.073189587250107,2,2.5
214,Research & Development,58,1,4,5.691007386145933,3,2.0
215,Sales,40,12,3,4.071832972259997,2,3.5
216,Sales,34,4,3,0.6916699545513805,3,3.0
217,Research & Development,22,2,4,6.974287731445637,6,3.5
218,Research & Development,27,2,3,4.5354268267806885,1,3.0
221,Research & Development,28,5,3,7.22055599470348,2,3.5
223,Research & Development,57,5,3,8.663823259286293,2,3.5
224,Research & Development,27,1,3,9.755215050028859,2,3.0
226,Research & Development,50,5,3,8.55803342392611,5,2.5
227,Research & Development,41,9,3,0.11714084185001972,2,2.0
228,Sales,30,10,3,3.599780644783639,2,3.0
230,Sales,38,8,4,7.29990562424058,2,2.5
231,Research & Development,32,5,4,1.7162967726144052,2,3.0
233,Research & Development,27,5,3,5.210366062041293,3,2.5
235,Sales,19,0,4,0.5433798833925363,5,2.0
238,Research & Development,36,8,3,1.9999652489640007,3,3.0
239,Research & Development,30,12,3,0.18521794460613972,4,2.0
240,Sales,45,5,3,7.936977033574206,3,2.0
241,Research & Development,56,2,3,2.239246880603801,3,2.0
242,Research & Development,33,3,3,3.453516806969027,2,3.5
243,Research & Development,19,1,4,9.28081293465591,3,3.0
244,Sales,46,24,4,7.044144019235327,2,1.5
245,Research & Development,38,2,3,0.31838929531307847,3,3.5
246,Research & Development,31,4,4,1.6469415649791275,0,3.5
247,Research & Development,34,3,3,6.214784014997635,3,3.0
248,Sales,41,4,4,5.772285886041676,5,2.0
249,Research & Development,50,3,3,2.3789282137450862,2,3.0
250,Research & Development,53,4,3,9.342139979247937,3,2.5
252,Research & Development,33,8,3,6.13965955965896,5,3.0
253,Research & Development,40,20,3,5.356328030249583,2,3.5
254,Research & Development,55,24,3,5.89909976354571,3,2.5
256,Research & Development,34,10,3,7.301220295167696,2,3.5
258,Research & Development,51,7,3,3.1194499547960186,6,3.0
259,Research & Development,52,33,3,3.9822106221609186,5,3.0
260,Research & Development,27,7,3,2.0984374897512215,2,3.0
261,Research & Development,35,1,3,1.8619300588033616,1,2.5
262,Research & Development,43,5,3,9.443723899839336,3,4.0
264,Research & Development,45,20,4,7.395507950492876,1,2.5
267,Research & Development,37,8,3,4.9045880861756705,3,1.5
269,Research & Development,35,6,3,2.274146279733232,5,2.0
270,Research & Development,42,5,3,2.5435648177039294,5,3.0
271,Research & Development,38,1,3,0.5802916032387562,3,3.5
273,Research & Development,38,7,3,4.344166255581207,3,4.0
274,Research & Development,27,2,3,3.117958819941026,1,2.0
275,Research & Development,49,7,3,6.963434888154595,0,4.0
277,Research & Development,34,5,3,3.777518392924809,4,3.5
281,Research & Development,40,7,3,1.796036775596348,2,3.5
282,Research & Development,38,1,3,0.24678728391331228,2,1.5
283,Sales,29,10,4,0.6724963146324858,3,3.0
284,Research & Development,22,4,3,6.793927734985673,2,3.0
286,Research & Development,36,8,3,4.536968445560453,2,3.0
287,Research & Development,40,3,3,5.365792111087222,5,4.0
288,Research & Development,46,4,3,8.966712930403421,3,2.5
291,Sales,32,14,3,9.903389473967044,2,4.0
292,Research & Development,30,11,4,2.1689698439847396,2,3.0
293,Sales,27,7,3,6.630782031001008,2,3.5
296,Research & Development,51,10,3,2.6332237673715064,5,2.0
297,Research & Development,30,5,3,0.2065099946572868,5,2.5
298,Sales,41,1,3,7.583786538361414,3,4.0
299,Sales,30,6,3,3.2001715082246784,5,2.0
300,Research & Development,29,6,3,3.8346389417189797,1,3.0
302,Sales,45,19,3,5.883171135536057,2,4.0
303,Sales,54,6,3,8.310484552361904,4,2.5
304,Research & Development,36,13,3,6.289818435911487,3,3.0
305,Research & Development,33,3,4,8.726506554473954,3,2.5
306,Research & Development,37,10,3,2.7354203481563575,1,3.0
307,Sales,38,16,3,7.980468339125637,6,2.0
308,Research & Development,31,5,3,1.856359443059522,2,3.0
309,Research & Development,59,1,3,9.527916569719446,6,3.5
311,Sales,37,9,3,6.874882763878153,2,2.5
312,Sales,29,11,3,2.1550767711355845,5,3.0
314,Sales,35,10,3,9.473705904889243,3,3.0
315,Research & Development,29,4,3,7.308558067701578,3,3.5
316,Research & Development,52,2,3,2.5394164259502583,3,3.5
319,Research & Development,42,22,3,2.13311977367482,3,3.5
321,Human Resources,59,2,3,5.1820071393066325,2,2.5
323,Sales,50,7,3,0.25662718054531575,3,4.0
325,Research & Development,33,5,3,2.074700754411094,2,3.5
327,Sales,43,17,4,4.246854687515063,3,4.0
328,Research & Development,33,9,4,3.7416998033422555,3,1.0
329,Sales,52,33,3,4.6357542436481065,2,2.0
330,Sales,32,4,3,2.7762870629473193,5,2.5
331,Research & Development,32,3,3,5.8678434645816875,2,3.5
332,Research & Development,39,3,3,8.638556059232315,1,3.0
333,Sales,32,3,3,1.1753185596203308,2,3.5
334,Research & Development,41,1,3,5.1737910715411415,2,2.0
335,Research & Development,40,9,3,1.3206810634515331,3,2.5
336,Research & Development,45,24,3,7.168596811925937,2,3.5
337,Research & Development,31,2,3,3.9605970280729377,3,2.5
338,Research & Development,33,2,3,5.65421311858509,2,3.5
339,Research & Development,34,11,3,1.8327983621407862,3,2.5
340,Research & Development,37,3,3,1.4484775934337724,2,2.0
341,Research & Development,45,3,3,4.880562806489546,1,2.0
342,Research & Development,37,1,3,3.556127378499556,5,2.0
343,Research & Development,39,19,4,9.40431945252813,1,3.0
346,Research & Development,29,6,3,7.653252538069653,1,3.5
347,Research & Development,42,3,3,7.486636198505473,1,2.5
349,Sales,29,3,3,9.037197397459334,2,4.0
350,Research & Development,25,4,3,0.8342243544201855,3,2.0
351,Research & Development,42,9,3,5.521924699224066,4,2.5
352,Research & Development,40,21,3,5.844760689557688,5,2.0
353,Research & Development,51,1,3,9.61936378547229,0,3.5
355,Research & Development,31,5,3,2.9214752679254885,2,2.5
359,Research & Development,32,5,4,2.4082877991544684,3,2.0
361,Sales,38,8,3,1.0029394226549782,0,4.0
362,Research & Development,32,6,3,0.16429629591474204,5,2.5
363,Sales,46,7,3,9.295293167921905,2,2.5
364,Research & Development,28,0,3,6.6991654659091004,5,2.0
366,Sales,29,0,3,7.851529120231378,2,1.5
367,Research & Development,31,9,4,2.817301057539491,2,3.0
369,Research & Development,25,6,3,5.864101661863267,2,1.5
372,Research & Development,45,20,3,0.6395526612098112,2,3.5
373,Research & Development,36,15,3,4.856275959346229,4,4.0
374,Research & Development,55,36,3,9.774951397444468,2,2.5
376,Research & Development,47,10,3,8.765052453165907,2,1.5
377,Research & Development,28,5,4,3.3815895183684566,3,4.0
378,Sales,37,5,3,9.615701545414986,5,3.5
379,Research & Development,21,3,3,2.317016264712045,4,3.5
380,Research & Development,37,5,3,9.493188224156814,2,2.5
381,Research & Development,35,7,3,9.413777047064986,6,2.0
382,Sales,38,8,4,7.992025873523917,3,1.0
384,Research & Development,26,6,4,6.304479368667911,6,2.5
385,Research & Development,50,10,3,8.74287966624947,4,1.5
386,Research & Development,53,5,3,2.930202845077967,5,3.0
387,Sales,42,20,4,8.489435553129182,3,2.5
388,Sales,29,10,3,6.178766919175239,3,3.0
389,Research & Development,55,10,3,0.1323685775889949,4,3.0
390,Research & Development,26,5,3,3.4723351793221955,3,1.0
391,Research & Development,37,17,3,1.4814086094816503,3,4.0
392,Research & Development,44,1,4,9.818293898182532,0,3.5
393,Research & Development,38,2,3,4.783703070399881,2,4.0
394,Research & Development,26,3,3,4.973913654986627,2,1.5
395,Research & Development,28,5,4,6.394725163987236,3,4.0
396,Research & Development,49,3,3,3.685846061296175,4,2.0
397,Research & Development,36,8,3,1.3690027168559893,2,2.5
399,Sales,31,2,3,8.221177331942455,5,3.0
401,Sales,26,8,3,1.8984791190275796,0,4.0
403,Research & Development,37,4,3,5.11318982546456,3,3.0
404,Sales,42,20,3,2.2431702897473924,2,2.5
405,Research & Development,18,0,3,0.9784448449403405,2,3.0
406,Sales,35,11,3,8.621915174216833,3,2.5
407,Research & Development,36,1,3,9.729194890231303,2,3.5
408,Research & Development,51,4,3,9.608346580630002,3,3.0
410,Sales,41,22,3,9.065554992211789,2,3.0
411,Sales,18,0,3,7.740473326986388,2,3.5
412,Research & Development,28,8,3,3.331451520286419,2,1.5
416,Sales,31,8,3,0.8110138998799676,3,3.0
417,Research & Development,39,18,3,4.072411714138074,5,3.5
419,Research & Development,36,9,3,2.322341421709427,3,2.0
420,Sales,32,13,3,1.3248763475798297,3,3.5
421,Research & Development,38,10,3,0.5342718178682526,2,1.5
422,Research & Development,58,5,3,7.2559436421057875,2,3.5
423,Research & Development,31,5,3,0.11427458625031028,4,3.5
424,Human Resources,31,2,3,7.705807485027762,1,1.0
425,Research & Development,45,24,3,1.4694664540037505,2,1.0
426,Research & Development,31,2,3,0.7952208258675575,2,3.5
428,Research & Development,33,10,3,0.8960303423860538,2,3.0
429,Research & Development,39,21,3,6.7204780735391445,3,2.0
430,Research & Development,43,8,3,2.4536720985284477,5,3.5
431,Research & Development,49,7,3,4.205394666800984,2,3.0
433,Research & Development,52,8,3,5.573687913239169,3,2.5
434,Research & Development,27,4,3,8.605511738287937,2,2.5
436,Sales,32,13,3,7.270442627113283,2,2.5
437,Sales,27,5,3,2.7032790523871464,3,3.5
438,Sales,31,7,3,1.314827992911276,3,4.0
439,Research & Development,32,7,3,0.5537432042119794,0,2.5
440,Research & Development,28,3,3,3.015986344809425,4,2.5
441,Research & Development,30,10,3,2.6211814923967824,2,4.0
442,Research & Development,31,10,4,4.561405668004797,2,3.0
444,Research & Development,39,21,3,6.832813355476804,2,3.5
445,Sales,39,1,3,6.956254456388572,3,3.5
446,Sales,33,7,3,2.835188465821666,6,3.0
447,Research & Development,47,3,3,3.799269559001205,2,3.5
448,Research & Development,43,9,3,1.8115096173690304,3,3.0
449,Sales,27,5,3,7.885455123065187,0,2.5
450,Research & Development,54,4,3,0.568480764332403,4,3.5
451,Research & Development,43,1,3,6.969972417249873,1,2.0
452,Research & Development,45,10,3,7.786953959411034,3,4.0
453,Sales,40,4,4,7.774075618487531,2,3.0
454,Research & Development,29,7,3,2.5942256434535493,4,1.5
455,Research & Development,29,3,3,3.7381313793256146,2,3.0
456,Sales,30,10,3,5.87599635196389,2,3.5
458,Sales,27,8,3,2.7282190242446704,3,2.0
460,Research & Development,37,6,3,3.708527992178887,2,4.0
461,Research & Development,38,11,3,1.9705428018563964,3,3.5
462,Research & Development,31,11,3,4.598558837560073,2,3.5
463,Sales,29,7,3,0.44612301254114084,2,3.0
464,Research & Development,35,16,3,7.99795884570618,5,2.5
465,Research & Development,23,4,3,0.7695644698663273,2,3.5
466,Research & Development,41,5,3,5.18835148831526,3,3.0
467,Sales,47,0,3,3.068100995451961,3,2.5
468,Research & Development,42,1,3,5.775429488313755,2,2.5
469,Sales,29,4,3,9.59433340833425,3,3.5
470,Human Resources,42,3,3,6.455702444560039,5,3.0
471,Research & Development,32,8,3,0.3536243575549092,4,2.5
473,Sales,48,0,4,4.304024395080612,3,2.0
474,Research & Development,37,7,3,5.100168523182502,2,2.0
475,Sales,30,2,3,5.36177494703452,2,3.5
476,Sales,26,8,3,6.813925106038379,3,3.0
477,Research & Development,42,1,4,2.775960977317661,6,2.5
478,Sales,21,3,3,1.2886056546632019,3,1.5
479,Sales,36,1,3,3.9267567654709437,6,4.0
481,Sales,36,13,3,9.564057227959488,2,2.5
482,Research & Development,57,3,3,1.8713089175084474,2,3.5
483,Research & Development,40,7,3,9.03983954928237,3,3.5
484,Sales,21,3,4,5.438059500773264,3,2.5
485,Sales,33,1,3,4.569114216457658,2,3.5
486,Research & Development,37,5,4,8.820414102298896,3,2.0
487,Research & Development,46,1,3,4.586039617685858,2,3.0
488,Sales,41,8,3,7.241676366115433,5,1.5
491,Research & Development,50,4,3,3.99025321703102,2,4.0
492,Sales,40,6,3,9.040443929009577,6,3.0
493,Research & Development,31,2,3,6.900250201912273,5,2.5
494,Sales,21,1,3,6.996220542505167,0,2.5
495,Research & Development,29,3,3,3.277204015571189,4,4.0
496,Research & Development,35,1,3,7.567786427368892,5,2.5
497,Research & Development,27,5,3,6.360610554471413,2,3.0
498,Sales,28,7,3,2.4002027337970953,1,3.0
499,Research & Development,49,5,4,1.6053882248525642,2,2.5
500,Sales,51,7,3,7.963914745173318,2,3.5
501,Research & Development,36,2,3,9.591666030352226,3,3.5
502,Sales,34,5,3,4.581388272600428,3,2.5
505,Research & Development,55,5,3,5.90984165323685,2,3.5
507,Sales,24,5,3,8.577226441935546,2,3.5
508,Sales,30,1,3,4.572234533538571,3,2.5
510,Research & Development,26,6,4,9.518744768327362,2,2.0
511,Research & Development,22,2,3,5.757511620448724,1,1.5
513,Sales,36,10,3,8.20767120701315,2,2.5
514,Research & Development,30,1,4,9.088437184127384,4,3.5
515,Research & Development,37,18,3,8.155238187685688,2,2.5
516,Sales,40,5,3,1.5941446344895593,5,3.0
517,Research & Development,42,5,3,6.288984390617004,5,1.5
518,Research & Development,37,1,3,3.984342586196771,2,2.5
520,Research & Development,43,25,3,0.627129520233457,3,1.5
521,Research & Development,40,1,4,4.240322518898419,3,2.5
522,Research & Development,54,4,3,2.586840668894077,4,1.0
523,Sales,34,3,3,8.490383084285108,3,3.0
524,Research & Development,31,13,3,0.3330462654669619,5,1.5
525,Research & Development,43,3,4,9.589827218634735,1,4.0
526,Research & Development,43,5,3,3.553688484719296,3,3.0
527,Sales,25,5,3,3.5670689040254286,3,3.0
529,Research & Development,37,13,3,0.1632850268370789,2,2.5
530,Research & Development,31,4,3,1.8523232523618394,3,2.5
531,Research & Development,39,21,3,4.0125950080360875,3,2.5
532,Sales,56,7,3,9.292914173027139,0,2.0
533,Sales,30,5,3,0.9961493022127133,6,2.5
534,Sales,41,10,3,9.453015334790795,2,1.5
536,Research & Development,28,10,3,8.694885305466322,2,2.0
538,Research & Development,25,2,3,4.541623969075518,5,1.0
543,Research & Development,52,5,3,3.2670088176826004,4,3.5
544,Research & Development,45,2,4,2.3274412927905685,3,2.5
546,Research & Development,52,5,3,6.144647064768743,2,4.0
547,Research & Development,42,5,3,0.3307459147550562,3,2.0
548,Research & Development,30,5,4,0.15606064446828216,2,3.5
549,Research & Development,60,29,3,4.287957224982378,5,1.0
550,Research & Development,46,10,3,0.6807407397472021,5,3.0
551,Research & Development,42,6,3,2.519409882460929,4,4.0
554,Sales,24,5,3,2.2116091534608384,4,1.5
555,Sales,34,2,3,2.5319119372285193,3,3.5
556,Research & Development,38,1,4,1.3105523121525775,3,4.0
558,Sales,40,20,3,0.1203622289765427,2,3.0
560,Research & Development,26,3,4,1.1548429713874808,3,2.5
562,Research & Development,30,5,3,6.184802595127479,3,3.5
564,Research & Development,29,10,3,9.742562128180502,2,2.5
565,Research & Development,29,2,3,9.90345001560894,2,2.5
566,Human Resources,19,1,3,4.090540953730616,3,2.5
567,Sales,30,9,3,1.6295442604660537,3,2.0
568,Sales,57,1,3,6.387617573665293,3,2.5
569,Research & Development,50,27,3,4.903053465487371,2,2.5
571,Research & Development,30,11,3,9.894097772844315,2,3.5
573,Sales,60,18,3,0.653042071517802,5,2.0
574,Research & Development,47,5,3,7.832344383138131,2,2.5
575,Research & Development,46,3,3,2.883984973314939,2,2.0
577,Research & Development,35,5,3,2.41418620076574,2,3.5
578,Research & Development,54,1,3,6.62504571532676,3,3.0
579,Research & Development,34,7,3,2.4606318499096447,3,3.5
580,Sales,46,3,3,6.6585911755918765,3,3.5
581,Research & Development,31,13,4,5.173085172022888,6,2.5
582,Research & Development,33,7,3,4.240889884358493,2,2.5
584,Research & Development,33,4,3,5.54687808661419,2,2.5
585,Sales,30,3,3,2.8705151991962974,3,3.0
586,Research & Development,35,8,3,7.065747062729789,2,3.5
587,Research & Development,31,1,3,4.1485686933356405,2,2.0
590,Human Resources,34,3,3,3.6054556048589226,2,1.5
591,Research & Development,42,2,3,8.286569145557378,4,2.5
592,Sales,36,10,3,9.249669119531921,3,3.0
593,Research & Development,22,2,3,0.46007310887296926,3,3.0
595,Sales,48,9,3,2.326269928297655,2,3.0
597,Sales,55,10,4,3.4851936949256324,2,1.5
599,Sales,41,14,3,8.149664793702474,3,4.0
600,Sales,35,11,3,9.854914276432975,2,2.5
601,Research & Development,40,20,3,9.689717046703517,3,2.5
602,Research & Development,39,8,3,9.049483455499269,3,3.0
604,Sales,31,6,3,2.965562650640299,2,3.0
605,Research & Development,42,10,4,9.920112434144741,5,2.5
606,Sales,45,8,3,2.4942004105645124,3,3.0
608,Human Resources,26,7,3,1.059061548822322,2,2.5
611,Research & Development,29,3,3,9.50952611055394,2,4.0
612,Research & Development,33,6,3,2.334202554680963,2,2.0
613,Sales,31,5,4,6.897682650777504,3,3.5
614,Sales,18,0,3,0.5835635898058866,3,2.0
615,Sales,40,1,3,7.3070909912747615,2,2.0
616,Research & Development,41,8,3,8.817202123338397,3,2.0
618,Sales,26,0,3,2.7243689546596253,5,2.0
620,Sales,35,5,3,3.7905689607742854,3,2.0
621,Sales,34,10,3,3.7429618332091605,3,4.0
622,Research & Development,26,1,3,7.487882575401331,3,3.5
623,Research & Development,37,6,3,2.378072425390388,3,3.0
624,Research & Development,46,2,3,1.71853099047643,3,2.0
625,Sales,41,18,3,4.49291648687738,2,1.5
626,Sales,37,9,3,3.044684073773195,6,1.5
630,Research & Development,52,10,3,8.391891222586525,3,2.5
631,Sales,32,4,3,2.3774182601563876,2,3.5
632,Sales,24,2,3,5.023894574892615,3,4.0
634,Research & Development,38,1,3,9.425835996979304,4,3.0
635,Research & Development,37,6,3,6.339976977446607,2,2.0
638,Research & Development,49,31,3,8.672894054624647,5,3.5
639,Research & Development,24,6,3,9.402096893547673,3,3.0
641,Sales,26,5,4,7.507648618863519,5,1.5
643,Research & Development,24,1,4,6.995750602247513,2,3.0
644,Human Resources,50,32,3,9.67965566604227,2,1.5
645,Sales,25,7,3,9.944007896476794,1,2.5
647,Research & Development,24,6,3,4.518216826697596,4,2.0
648,Sales,30,1,3,0.7086977818420837,2,1.5
649,Research & Development,34,6,3,2.9279403144051885,3,3.0
650,Sales,31,3,3,1.5235470568773046,2,1.5
652,Research & Development,35,3,3,4.174863747960118,3,2.5
653,Sales,31,7,4,1.3128932847325603,4,2.5
655,Research & Development,27,5,3,6.04117804020882,5,2.0
656,Sales,37,3,3,3.8280805915785407,3,3.5
657,Research & Development,20,1,3,8.9538588428821,0,3.0
659,Research & Development,42,10,3,9.67794671798502,4,3.5
661,Research & Development,43,1,3,5.468849016694222,3,3.0
662,Research & Development,38,0,3,2.748235698675966,3,2.0
663,Research & Development,43,8,3,5.9223041876183675,3,3.5
664,Research & Development,48,3,3,8.967611582244098,3,2.5
665,Human Resources,44,2,3,4.067333458357483,1,2.0
666,Sales,34,8,3,5.520782766919709,3,3.0
667,Sales,27,4,3,2.7165276760614585,3,2.0
669,Sales,21,3,3,4.55444149450027,2,3.0
671,Research & Development,44,2,3,4.017135353795986,2,4.0
675,Research & Development,22,2,4,2.48413465082971,3,2.0
677,Sales,33,5,3,5.058663838253084,3,3.0
679,Research & Development,32,6,3,3.1038082597981145,2,2.5
680,Research & Development,30,1,4,3.7303486388074747,2,3.0
682,Sales,53,14,4,5.249704422542642,2,2.5
683,Research & Development,34,10,3,7.5059502292898745,4,3.0
684,Sales,45,1,3,3.3350746579127533,4,1.0
686,Research & Development,26,3,3,9.241587666207636,2,3.5
689,Research & Development,37,10,3,8.623185468359024,2,3.0
690,Sales,29,6,3,0.4869029597552854,5,2.5
691,Research & Development,35,17,3,2.5364252425682277,3,3.0
692,Research & Development,33,13,4,4.46135512659202,2,3.5
698,Human Resources,54,9,3,1.0462788874247408,1,2.5
699,Research & Development,36,3,3,3.4847598903349706,2,2.0
700,Research & Development,27,4,3,7.4009752561768245,0,2.5
701,Research & Development,20,1,3,6.805144811428258,5,3.5
702,Research & Development,33,10,3,6.223844285660048,3,1.0
704,Research & Development,35,1,3,7.1052840272234565,3,3.0
705,Research & Development,23,3,3,2.0492368695970176,3,1.0
707,Sales,25,3,4,3.416981148647321,4,3.0
709,Sales,38,7,4,6.762424822774628,2,4.0
710,Research & Development,29,10,3,8.792347630313271,5,3.0
712,Sales,48,2,3,5.436780538280952,3,2.0
714,Sales,27,6,4,2.826996509455366,3,4.0
715,Research & Development,37,1,3,0.3023525800598259,2,4.0
716,Research & Development,50,20,3,7.103368289742134,3,3.5
717,Research & Development,34,8,3,0.07884103508440377,3,3.0
720,Sales,24,2,3,3.726790698209955,3,2.0
721,Research & Development,39,20,3,5.305372145627818,4,3.5
722,Sales,32,10,3,9.22111461767193,2,4.0
723,Sales,50,4,3,0.8949454503290011,4,2.5
724,Research & Development,38,9,3,4.059423219682837,4,3.0
725,Research & Development,27,9,3,0.24313199710157773,3,2.0
727,Research & Development,32,7,3,3.426109843415903,6,3.5
728,Sales,47,7,3,6.222310588397949,2,2.5
729,Sales,40,18,4,2.7906794822859835,2,2.5
730,Research & Development,53,5,3,2.0974994965563507,3,3.0
731,Human Resources,41,21,3,1.1570323332709365,2,3.0
732,Sales,60,2,3,5.771402440203418,1,1.0
733,Research & Development,27,9,4,6.95270005904686,4,2.5
734,Human Resources,41,22,3,6.719571405958224,3,3.5
738,Sales,50,2,3,9.488610207205074,2,3.0
741,Research & Development,28,7,3,0.027032138935026984,4,1.5
742,Research & Development,36,8,3,6.47196653894036,2,1.0
743,Research & Development,38,1,3,6.003922370976396,4,3.0
744,Research & Development,44,5,3,5.887396099702881,5,2.0
746,Sales,47,22,3,9.627703198402424,2,3.5
747,Sales,30,8,4,0.16871673370039697,2,3.5
749,Sales,29,1,3,6.964824307014501,6,3.0
752,Research & Development,42,2,3,8.136786497018635,2,3.0
754,Sales,43,2,3,5.098071966215842,5,4.0
757,Research & Development,34,5,3,3.3396486959680916,2,2.5
758,Research & Development,23,4,3,7.90840163227405,2,1.5
760,Human Resources,39,8,3,0.9724292563242465,3,2.5
762,Research & Development,56,10,3,4.420356377299253,1,3.5
763,Research & Development,40,4,4,5.199523745708382,2,4.0
764,Research & Development,27,7,3,6.939564109345476,2,2.5
766,Sales,29,2,3,0.9088573203240946,2,3.0
769,Research & Development,53,2,3,2.2775950153786093,4,4.0
771,Research & Development,35,1,3,4.103015626901256,2,2.5
772,Research & Development,32,10,3,6.232946730201307,2,2.5
773,Research & Development,38,1,3,8.869607812174175,0,3.5
775,Research & Development,34,0,3,6.188261682413765,3,1.5
776,Sales,52,34,3,1.3346147093493443,3,2.0
780,Research & Development,33,10,3,9.805801327872825,2,4.0
781,Sales,25,6,4,8.71785734755493,5,3.5
783,Sales,45,8,3,5.027207611453241,3,2.5
784,Research & Development,23,2,3,9.22347981796633,3,2.0
785,Sales,47,5,3,5.413807937571358,2,2.5
786,Sales,34,6,4,9.233060678891631,5,4.0
787,Research & Development,55,5,3,8.298973686033431,2,2.5
789,Sales,36,10,3,9.682864102942974,1,1.0
791,Research & Development,52,4,3,9.197828107781584,3,4.0
792,Research & Development,26,2,3,0.3603381742856948,2,2.5
793,Research & Development,29,8,3,1.7477200416093996,3,2.5
796,Sales,26,4,3,3.8913467710118574,2,2.5
797,Research & Development,34,4,3,9.521426972954208,2,3.0
799,Research & Development,54,5,3,3.000289194759296,4,2.5
800,Sales,27,4,3,1.6046764388760104,3,3.5
802,Research & Development,37,5,3,8.8630466608656,3,2.5
803,Research & Development,38,15,3,4.4639441548320296,2,1.0
804,Research & Development,34,6,3,9.07875594354326,3,2.0
805,Sales,35,3,3,1.6023046632014326,1,2.5
806,Research & Development,30,2,4,6.611175115080995,2,3.5
807,Research & Development,40,8,4,4.402637528294918,2,2.5
808,Sales,34,3,3,0.764867690302854,1,2.0
809,Research & Development,42,24,3,6.964631446525006,4,3.0
811,Research & Development,23,0,4,2.473987555391537,2,2.0
812,Research & Development,24,1,3,0.39615522579517726,4,2.5
813,Research & Development,52,5,4,0.5994429824957326,3,3.5
815,Research & Development,50,4,3,0.6107853706678734,3,3.0
816,Research & Development,29,1,3,9.077329574850395,1,1.5
817,Research & Development,33,13,3,7.39883917829101,3,3.0
819,Sales,33,3,3,8.98062357213735,3,1.0
820,Research & Development,47,26,3,6.725823112965213,3,3.5
823,Research & Development,36,9,3,5.289399290308832,2,2.5
824,Research & Development,29,10,4,3.0444636434737826,3,3.0
825,Research & Development,58,31,3,9.979622513286735,2,3.0
826,Research & Development,35,2,3,3.6218905893938933,0,3.5
827,Research & Development,42,4,3,4.706489492139095,4,4.0
828,Research & Development,28,2,3,3.7824517492346175,3,3.0
829,Human Resources,36,5,3,9.795269293354586,2,2.5
830,Research & Development,32,14,3,1.7465838539500578,3,3.0
832,Research & Development,40,1,3,3.279880009080797,6,2.0
833,Research & Development,30,0,4,6.803486660150016,4,3.5
834,Research & Development,45,1,3,0.6320761833863064,3,2.5
836,Research & Development,42,9,3,6.07249374011541,3,2.0
837,Research & Development,38,4,3,4.776465028764161,3,1.0
838,Research & Development,34,5,3,2.839999767621011,3,3.5
840,Sales,49,9,3,2.38413280924058,3,3.5
842,Sales,55,9,3,5.145127432987567,3,3.5
843,Research & Development,43,4,4,3.6792758053704135,3,1.5
844,Research & Development,27,9,3,4.5651989126265535,3,3.5
845,Research & Development,35,8,4,3.3747738176423994,3,3.0
846,Sales,28,8,4,9.704936935959775,2,2.0
847,Human Resources,34,3,3,1.3343943174560402,1,3.5
848,Research & Development,26,8,3,0.968039531783742,2,3.0
850,Research & Development,27,0,3,3.4339172879091606,6,4.0
851,Sales,51,20,3,5.910269008704913,2,2.0
852,Research & Development,44,5,3,6.591764718500283,2,3.0
854,Research & Development,25,4,3,3.9725674716804207,3,1.0
855,Sales,33,9,4,9.99277993922171,5,1.0
856,Research & Development,35,6,3,3.518929961930426,3,2.0
857,Sales,36,18,3,7.214066679599524,1,3.0
859,Sales,32,5,3,6.375826945307929,3,3.0
861,Research & Development,30,5,3,8.130538632474607,3,3.0
862,Sales,53,5,3,9.7622566345382,3,2.5
864,Sales,45,5,3,8.897936564455403,2,2.5
865,Research & Development,32,5,3,7.645619743577086,3,3.0
867,Research & Development,52,9,4,6.982484778182906,3,3.5
868,Sales,37,1,3,3.3549816967589963,2,3.5
869,Human Resources,28,5,3,1.4768557820670736,6,3.0
872,Research & Development,22,2,4,0.6263600305980976,2,4.0
874,Research & Development,44,3,4,2.4190170420148482,2,2.5
875,Research & Development,42,2,3,4.322814811812986,2,3.0
878,Human Resources,36,5,4,5.219962736299824,3,1.0
879,Sales,25,5,3,7.730835540548716,3,2.0
880,Research & Development,35,17,4,9.58740923056593,2,3.5
881,Research & Development,35,10,3,1.1732048038481102,3,3.0
882,Research & Development,32,3,3,1.0700414019379156,2,4.0
885,Sales,25,5,3,5.896947230135508,1,2.0
887,Research & Development,49,4,3,7.45398073947293,2,2.0
888,Research & Development,24,5,3,8.481503803469849,2,2.5
889,Sales,32,10,3,9.358320802167885,3,2.0
893,Sales,38,2,3,9.83426242260642,3,2.0
894,Research & Development,42,5,3,3.9980169222452586,1,3.5
895,Research & Development,31,6,3,3.8033518352757314,2,4.0
896,Sales,29,3,3,1.4780867669727238,3,2.5
897,Sales,53,2,3,6.849344386835594,3,2.5
899,Research & Development,35,13,3,6.567619584408371,2,3.0
900,Sales,37,5,3,8.620625958512072,3,3.5
901,Research & Development,53,12,3,0.9725799478764063,0,4.0
902,Research & Development,43,5,3,4.977769078253418,2,4.0
903,Sales,47,7,4,5.810819296720631,2,3.5
904,Sales,37,10,3,2.415570400399184,2,1.5
905,Research & Development,50,31,3,1.6902540612916128,3,1.0
909,Human Resources,39,5,3,8.595808364196214,2,4.0
910,Human Resources,33,4,3,0.5853492223555878,4,3.0
911,Research & Development,32,1,4,4.706209039180729,2,2.5
912,Research & Development,29,4,3,1.1583400130088528,5,2.5
913,Research & Development,44,8,3,4.570587613313673,0,1.5
916,Sales,28,4,3,9.799623263423094,3,2.5
918,Research & Development,58,1,3,4.2370635345547285,3,4.0
920,Research & Development,43,1,4,8.571249175045674,2,1.5
922,Sales,20,2,3,1.1731556418319389,3,3.0
923,Research & Development,21,1,3,2.712520767618641,3,4.0
924,Research & Development,36,16,3,4.0379274066733455,2,3.5
925,Sales,47,3,3,3.998121400093307,3,4.0
926,Research & Development,22,3,3,6.713834786701531,3,2.5
927,Research & Development,41,7,3,3.447181273755077,1,3.0
930,Research & Development,28,2,3,7.137668684100164,2,3.0
932,Research & Development,39,2,4,6.391868992253925,2,2.5
933,Research & Development,27,1,3,3.9916114525477306,2,2.5
934,Research & Development,34,1,3,4.317601276543193,3,2.0
936,Sales,42,5,3,6.145276998103207,6,3.0
939,Research & Development,33,3,3,0.7004219014464463,1,2.0
940,Research & Development,58,6,3,8.224067383556903,3,2.5
941,Sales,31,7,3,6.534211611136369,2,2.5
942,Research & Development,35,10,4,7.263424644178352,2,4.0
944,Research & Development,49,26,3,5.369230010823904,3,1.5
945,Research & Development,48,0,3,1.1047711099174473,2,3.5
947,Sales,31,9,3,4.050356132969499,2,3.5
949,Research & Development,36,6,3,4.053735828485561,6,3.0
950,Research & Development,38,15,3,3.2104299004321692,3,2.5
951,Research & Development,32,3,4,0.2995032490474936,3,2.5
952,Sales,25,1,3,7.372542425964773,2,2.5
954,Sales,40,1,3,1.097844580625007,2,1.5
956,Sales,26,7,3,6.063081330450851,2,2.0
957,Research & Development,41,18,3,7.032174964672158,3,2.5
958,Research & Development,36,11,4,6.347863229336948,6,3.0
959,Sales,19,1,3,9.59142251977975,3,3.0
960,Research & Development,20,1,3,1.0329815508513862,2,1.0
961,Research & Development,31,9,3,8.671671591051991,2,4.0
964,Research & Development,40,1,3,0.29190234848913255,2,3.0
966,Research & Development,32,8,3,5.349168549270839,2,2.0
967,Sales,36,16,3,4.042436179392588,6,3.5
969,Research & Development,33,5,3,5.241838603937582,3,3.0
970,Sales,37,14,3,3.650998770600098,2,2.0
972,Research & Development,45,9,3,1.9056691494006806,5,2.5
974,Sales,29,3,3,0.1912289744868978,5,3.5
975,Sales,35,5,3,5.181498137911743,3,3.0
976,Research & Development,52,9,3,8.427768626848422,2,4.0
977,Research & Development,58,1,4,3.7321595574479414,4,3.5
981,Sales,53,17,3,2.2286381801498023,3,3.0
982,Sales,30,8,3,0.8053200347184408,2,3.0
983,Sales,38,5,3,0.8531092311870336,1,3.5
984,Sales,35,10,3,2.213964462927722,2,4.0
985,Sales,39,8,3,1.0001406092155518,3,2.0
986,Sales,40,1,3,2.6503969836448205,2,2.0
987,Research & Development,47,19,3,0.6614946211695472,3,3.0
990,Sales,36,7,3,0.6560486720992564,3,2.5
991,Research & Development,31,3,4,8.56276179622782,0,2.0
992,Sales,33,10,3,1.6212026070883323,2,3.5
994,Research & Development,29,0,4,5.59682405823448,5,2.5
995,Research & Development,33,3,3,7.734555444490305,4,3.0
996,Research & Development,45,5,3,4.564095653390666,2,4.0
997,Research & Development,50,5,4,1.5336887785934572,1,4.0
998,Research & Development,33,6,3,1.9959614212011434,2,2.5
999,Research & Development,41,18,3,4.3298420628118075,2,2.0
1001,Research & Development,27,2,3,5.282340891785358,2,2.5
1002,Research & Development,45,9,3,3.494402920485349,2,2.5
1003,Sales,47,9,3,7.814796002346613,0,4.0
1004,Research & Development,30,5,3,7.510216488563985,2,2.0
1005,Research & Development,50,12,3,9.272118073731178,2,3.5
1006,Research & Development,38,2,3,0.2895254902696054,0,3.0
1007,Research & Development,46,8,3,8.956912912102034,3,3.5
1009,Research & Development,24,4,3,3.92568788462151,6,3.5
1010,Research & Development,35,4,4,8.78372495379994,2,2.5
1011,Research & Development,31,4,3,6.907847761565296,1,2.0
1012,Research & Development,18,0,3,9.873487570739682,2,3.0
1013,Research & Development,54,10,3,7.592824517166681,2,3.0
1014,Research & Development,35,16,3,3.645446259967866,3,3.0
1015,Research & Development,30,8,3,5.010631728347521,4,1.5
1016,Research & Development,20,1,3,3.7638915519435123,2,2.5
1017,Research & Development,30,3,3,3.6491183602123813,3,2.0
1018,Research & Development,26,8,3,2.6090449938105973,2,4.0
1019,Research & Development,22,4,3,4.959702953734696,3,1.5
1022,Research & Development,48,2,3,6.817399450693612,0,2.0
1024,Research & Development,48,15,3,2.7734027130524352,3,3.0
1025,Research & Development,41,2,3,5.2437981107722,6,3.5
1026,Research & Development,39,21,3,1.1738029417055718,3,4.0
1027,Research & Development,27,3,3,1.598452868541913,2,2.5
1028,Research & Development,35,3,4,0.46806354712188747,4,3.0
1029,Sales,42,1,3,9.70731442770633,3,3.5
1030,Research & Development,50,1,3,0.03860351510261095,5,2.5
1032,Research & Development,59,5,3,1.785799680576563,4,3.5
1033,Research & Development,37,1,3,6.128667531169923,2,1.5
1034,Research & Development,55,8,3,0.813695988533053,3,2.5
1035,Research & Development,41,21,4,8.818965030968323,3,2.5
1036,Sales,38,1,3,7.196201578422881,1,3.0
1037,Sales,26,2,3,9.663899714378934,6,1.5
1038,Sales,52,32,3,5.0763554724076485,3,2.5
1039,Sales,44,12,3,3.0040368315848722,2,4.0
1040,Sales,50,18,3,5.495005727952714,3,3.5
1042,Research & Development,36,17,3,9.308187172979732,1,2.0
1043,Research & Development,39,21,3,5.207614372418606,2,2.5
1044,Sales,33,2,3,2.6720703186231862,2,3.0
1045,Sales,45,9,3,8.773987891741196,4,4.0
1046,Research & Development,32,8,3,3.719187485124613,2,3.5
1047,Sales,34,15,3,0.013833499989991394,2,3.0
1048,Sales,59,6,3,2.4768502249231594,1,3.0
1049,Human Resources,45,6,3,3.182335091770624,3,2.0
1050,Sales,53,15,3,8.587774682319022,2,2.5
1052,Research & Development,36,1,3,4.58503167066445,3,2.0
1053,Research & Development,26,3,3,4.445872878113008,2,1.0
1055,Sales,34,1,3,3.361022663998874,2,3.0
1056,Sales,28,1,4,8.806781230470795,5,3.0
1060,Research & Development,38,2,3,9.450267769403913,2,3.0
1061,Research & Development,50,8,3,9.918903291546293,2,2.5
1062,Research & Development,37,4,3,3.7674126696098673,3,3.0
1066,Sales,40,7,3,9.661474456271714,3,2.0
1068,Research & Development,26,5,3,7.918795696309013,5,2.0
1069,Research & Development,46,2,3,6.756891476442668,0,4.0
1070,Sales,54,9,3,2.448894794200994,4,3.0
1071,Research & Development,56,5,3,2.1645726094420983,4,2.0
1073,Research & Development,36,14,3,1.6604782452124567,2,4.0
1074,Research & Development,55,9,3,9.227566102253654,3,2.0
1076,Sales,43,1,3,2.940766623831661,5,3.5
1077,Sales,20,2,3,4.530942454488784,3,4.0
1079,Research & Development,21,1,3,4.939578339872234,6,2.0
1080,Research & Development,46,16,4,7.781715954502541,2,2.5
1081,Research & Development,51,10,3,8.442349615530242,2,2.0
1082,Research & Development,28,10,3,1.390727011486128,2,1.5
1083,Research & Development,26,5,3,4.269043602110737,2,1.0
1084,Research & Development,30,6,3,8.428548878354572,1,2.0
1085,Research & Development,41,10,3,8.180333057558384,3,2.5
1088,Research & Development,38,19,3,1.024137584524164,4,3.0
1092,Research & Development,40,11,4,1.5638334886796301,6,2.5
1094,Research & Development,27,3,3,3.0419869159940784,4,2.0
1096,Research & Development,55,3,3,0.7535906908334034,4,3.0
1097,Research & Development,28,8,3,4.246630028405929,4,3.0
1098,Human Resources,44,20,3,1.076177051495819,1,1.5
1099,Research & Development,33,3,3,5.68217593669845,2,4.0
1100,Sales,35,8,4,2.465569398111561,2,2.5
1101,Research & Development,33,13,4,5.964330653496227,4,2.0
1102,Research & Development,28,4,3,1.1752564290363765,5,2.0
1103,Research & Development,34,6,3,9.758838684185333,1,2.5
1105,Sales,37,1,3,9.325612038573404,5,4.0
1106,Research & Development,25,7,3,3.917969385646658,3,4.0
1107,Research & Development,26,1,4,2.4217859412608544,0,2.0
1108,Research & Development,33,2,4,2.5039821285357275,0,1.5
1109,Research & Development,42,22,3,4.8339353520239206,3,2.5
1111,Research & Development,28,1,3,0.3999280190071697,2,1.5
1113,Sales,50,0,3,6.39705106075127,4,3.5
1114,Sales,33,3,3,4.083029083397448,3,3.0
1115,Research & Development,34,0,3,3.7740657258888732,2,3.5
1116,Research & Development,48,5,4,8.093649714891985,3,2.5
1117,Sales,45,15,3,7.0903546018329,2,2.5
1118,Research & Development,52,8,3,9.54333815392692,4,2.0
1119,Sales,38,8,3,3.519362404956907,2,3.0
1120,Research & Development,29,7,4,8.975427646494055,1,3.5
1121,Research & Development,28,9,3,7.699671862500889,3,3.0
1124,Sales,46,12,3,3.5742465159471304,3,2.0
1125,Sales,38,1,3,6.216654364532578,2,3.0
1126,Research & Development,43,8,3,2.8856995765169557,1,2.0
1127,Research & Development,39,18,3,8.743999170748424,4,2.5
1128,Research & Development,40,20,3,1.1242731721231125,2,3.0
1131,Research & Development,21,2,3,2.12434361294041,6,3.0
1132,Research & Development,39,5,3,1.8303329207992114,2,2.5
1133,Research & Development,36,11,4,4.030260024042887,0,2.5
1135,Sales,31,2,3,7.452329600321291,4,3.5
1136,Research & Development,28,5,3,5.269074490521803,2,1.5
1137,Sales,35,5,3,4.876763235382075,3,4.0
1138,Sales,49,9,3,0.005459648969956543,3,3.0
1140,Research & Development,34,3,3,4.254017253550547,3,3.5
1143,Research & Development,29,7,3,0.6355377483615843,2,3.0
1148,Research & Development,42,1,3,2.082532521214838,3,3.0
1150,Research & Development,29,10,3,9.323939389604943,2,3.0
1152,Human Resources,38,7,3,2.153982043432382,2,3.0
1154,Research & Development,28,3,3,8.583376386342625,2,3.0
1156,Research & Development,18,0,3,8.028933715613341,0,3.0
1157,Sales,33,5,3,1.5914623694224284,3,1.0
1158,Research & Development,41,1,3,6.0571195727027884,4,3.0
1160,Research & Development,31,2,3,1.1566187190501331,5,3.0
1161,Research & Development,37,6,3,7.278881583695115,2,3.5
1162,Research & Development,27,4,3,6.374622773722066,0,3.5
1163,Sales,34,6,4,8.119385616910193,3,2.5
1164,Human Resources,35,5,3,4.79384549389188,2,3.0
1165,Sales,29,11,3,9.14863087833383,3,2.5
1166,Research & Development,40,18,3,0.49348946788439707,3,2.5
1167,Sales,42,21,3,2.9288856502701464,2,2.0
1171,Sales,42,6,3,7.1505259746516705,3,1.5
1172,Research & Development,35,8,3,4.181092117480008,2,3.5
1173,Research & Development,24,4,4,1.7295135427115638,2,3.0
1175,Research & Development,28,1,3,1.0721074542854603,4,3.5
1177,Research & Development,26,8,4,8.173391114616214,2,2.5
1179,Sales,30,10,3,4.731429784656442,3,3.0
1180,Research & Development,40,1,3,8.822836719191073,3,3.5
1182,Research & Development,35,7,3,7.33289134316726,2,2.5
1184,Research & Development,34,13,4,4.097262056307436,3,2.5
1185,Research & Development,35,2,3,3.7351101415568366,2,4.0
1188,Sales,43,4,3,5.156383466512517,2,2.0
1190,Sales,32,1,3,8.890599531897287,3,2.0
1191,Research & Development,56,5,3,7.372785797141679,2,2.5
1192,Research & Development,29,10,3,0.0515296426902323,5,3.0
1193,Research & Development,19,1,4,6.941578513691256,4,2.0
1195,Research & Development,45,3,3,9.195074069058206,2,2.0
1196,Research & Development,37,14,3,7.104557595044916,2,4.0
1198,Research & Development,20,2,3,1.7700578156749591,2,2.0
1200,Research & Development,44,6,3,4.835181274274587,4,3.0
1201,Research & Development,53,7,3,1.4031601792341941,6,3.5
1202,Research & Development,29,5,3,3.5899527833963205,2,3.0
1203,Research & Development,22,0,3,9.371170419405177,5,3.5
1204,Sales,46,26,4,9.233053075587083,2,2.0
1206,Research & Development,44,0,3,2.828368521760829,3,3.5
1207,Human Resources,33,5,3,3.3963104416619916,2,2.5
1210,Research & Development,41,1,3,6.002128681312939,2,1.0
1211,Sales,30,4,3,9.6319729526038,3,2.0
1212,Sales,40,0,3,1.4780133406539042,2,2.0
1215,Research & Development,50,2,4,2.5691664368666913,3,2.5
1216,Research & Development,28,6,3,8.735568272907715,2,2.5
1217,Research & Development,46,4,3,4.918922317083445,2,3.0
1218,Sales,35,7,3,8.989610922270316,2,2.0
1219,Research & Development,24,1,3,1.8551789752317627,3,3.0
1220,Sales,33,10,3,5.326685874713607,3,2.5
1221,Research & Development,36,7,3,3.2626963264937237,4,3.0
1224,Research & Development,30,10,3,3.1654255989247604,4,3.0
1225,Research & Development,44,20,4,4.468769639461991,3,4.0
1226,Sales,20,2,3,4.330774491012685,2,3.5
1228,Research & Development,46,6,3,3.573468796779544,3,4.0
1231,Human Resources,42,4,3,9.149707703156185,3,2.5
1233,Sales,60,11,3,7.317441854328928,3,3.0
1234,Research & Development,32,2,4,7.2754699133152965,2,2.5
1235,Research & Development,32,8,3,2.8991344959195544,2,3.5
1237,Research & Development,36,7,4,5.777094243168404,2,2.0
1238,Research & Development,33,14,3,7.79179433301834,5,2.5
1239,Sales,40,5,3,7.955903685432131,2,2.0
1240,Sales,25,4,3,3.4453046075431226,4,3.5
1241,Research & Development,30,11,4,7.708727565686479,2,3.0
1242,Research & Development,42,1,3,7.35893896807733,6,1.0
1243,Sales,35,13,3,1.4150648562190027,6,3.5
1244,Research & Development,27,9,3,8.659454685664773,3,1.0
1245,Research & Development,54,5,3,4.413214701804108,2,3.5
1246,Research & Development,44,10,3,4.864104488886655,5,2.5
1248,Research & Development,19,1,4,4.483691788979973,2,1.5
1249,Research & Development,29,3,3,5.678460014775075,5,2.5
1250,Research & Development,54,10,3,6.211692473670547,2,4.0
1251,Research & Development,31,6,3,4.981795657629434,2,2.0
1252,Research & Development,31,10,3,8.667885432590957,2,2.0
1254,Sales,59,6,3,6.277347561952844,2,3.5
1255,Research & Development,43,8,3,4.0142794930551995,2,3.5
1256,Research & Development,49,1,3,4.16691756908711,2,2.0
1257,Research & Development,36,11,3,8.108386151289514,2,2.5
1258,Research & Development,48,1,3,3.481919427465201,4,3.0
1259,Research & Development,27,5,3,2.1145479578241355,2,2.0
1260,Research & Development,29,6,3,0.5938318800578923,2,3.5
1263,Research & Development,48,1,3,8.760268479205742,3,4.0
1264,Research & Development,29,7,3,9.185464511903499,2,4.0
1265,Research & Development,34,1,3,1.2012018216347597,5,3.0
1267,Sales,44,22,3,3.3447374149611484,5,2.0
1268,Sales,33,9,3,1.7537206951524387,3,3.5
1269,Research & Development,19,1,3,1.1589846882587973,2,3.0
1270,Research & Development,23,1,4,8.998667430000303,2,3.5
1273,Sales,25,1,3,0.5687725914535546,4,3.5
1275,Research & Development,26,8,4,9.804856634690069,2,3.5
1277,Sales,45,24,3,0.9645086069738418,2,1.5
1278,Research & Development,55,33,3,8.634706491935857,3,3.0
1279,Research & Development,21,2,4,5.665061069891627,2,2.0
1280,Sales,46,11,3,3.679174878178734,2,3.0
1281,Sales,34,3,3,3.4234237662515787,3,2.0
1282,Sales,51,29,4,7.573641432377087,5,3.0
1283,Research & Development,59,9,3,3.145732950042872,6,4.0
1285,Research & Development,34,11,3,6.573189166171418,2,2.5
1286,Research & Development,28,4,3,5.173260835160801,2,3.5
1288,Research & Development,44,25,3,4.849656451580705,4,2.0
1289,Human Resources,34,10,3,9.011621706491615,5,2.5
1291,Research & Development,35,3,3,5.546450586202596,3,3.0
1292,Research & Development,42,1,3,8.26861603048695,2,2.0
1293,Sales,43,21,3,7.255735341014894,3,4.0
1294,Research & Development,36,16,3,0.3855724605899835,2,2.5
1295,Research & Development,44,10,3,7.731100525054192,2,2.5
1296,Research & Development,28,2,3,2.1687025009104066,2,4.0
1297,Research & Development,51,7,3,9.031496468515716,6,2.5
1298,Research & Development,30,8,3,0.42924190608832014,3,3.0
1299,Research & Development,29,7,3,3.3307203447431877,2,2.5
1301,Research & Development,28,3,3,0.9973294723475401,2,2.5
1303,Research & Development,25,2,3,4.755891170848438,3,3.0
1304,Sales,32,10,3,8.200224358697518,4,3.5
1306,Research & Development,45,0,4,2.981873596630641,4,2.0
1307,Research & Development,39,19,3,1.509348973110416,4,2.5
1308,Research & Development,58,2,3,3.302670356968992,3,2.0
1309,Research & Development,32,10,3,8.13880141920636,3,3.5
1310,Research & Development,39,5,3,1.4038395779934687,2,2.0
1311,Research & Development,30,9,3,2.273624490775018,6,2.5
1312,Research & Development,36,7,3,0.6885196449337394,0,3.5
1314,Human Resources,46,7,3,7.057100439896077,3,2.5
1315,Research & Development,28,9,3,3.952332435363368,6,3.5
1317,Research & Development,50,3,3,3.1083997714331604,2,2.5
1318,Sales,40,5,3,7.186263903411519,2,3.0
1319,Sales,52,8,3,3.359775423402552,2,2.0
1321,Research & Development,30,9,4,7.27771273214418,2,1.5
1322,Research & Development,39,8,3,8.151993953143135,6,2.0
1324,Sales,31,10,3,2.1766284345773848,5,3.5
1329,Sales,41,19,3,9.738186968459834,4,2.5
1331,Sales,31,3,3,1.6235794791266678,2,3.0
1333,Research & Development,44,3,3,2.9084090665674256,4,1.0
1334,Research & Development,42,20,3,1.7979529083354162,3,3.0
1336,Research & Development,55,19,3,3.4550565635633443,5,3.5
1338,Human Resources,56,7,3,4.800608878207556,4,3.0
1340,Research & Development,40,4,3,5.221758690021191,0,3.0
1344,Research & Development,34,9,3,8.53606042296272,0,4.0
1346,Research & Development,40,9,3,8.894479088158665,4,3.5
1349,Sales,41,9,3,2.201038607809064,2,2.0
1350,Research & Development,35,9,3,6.228940321857524,3,3.0
1352,Human Resources,51,33,3,1.114960572987156,2,2.5
1355,Sales,38,7,3,4.589698601820683,3,1.5
1356,Sales,34,10,3,3.2233353804661813,6,2.0
1358,Research & Development,25,3,3,3.165007454536064,6,4.0
1360,Research & Development,58,10,3,4.82584241712101,0,2.0
1361,Research & Development,40,4,4,7.298276355292676,3,2.0
1362,Sales,36,15,3,0.691826587923895,2,1.0
1363,Research & Development,48,10,3,8.791733376874046,2,4.0
1364,Sales,27,1,3,7.348137746305611,4,3.5
1367,Research & Development,51,5,3,1.7649938888906014,1,3.0
1368,Research & Development,18,0,3,9.391609090873704,5,4.0
1369,Research & Development,35,9,3,5.063122240233886,0,4.0
1371,Sales,27,6,4,9.998085781169653,3,4.0
1372,Sales,55,19,3,1.9725947430073765,2,2.0
1373,Research & Development,56,19,3,5.349081983832013,0,3.0
1374,Research & Development,34,5,4,2.9024804255992844,2,2.0
1375,Research & Development,40,12,4,3.0417355738924656,0,2.5
1377,Research & Development,34,8,3,5.910653808339902,1,2.5
1379,Sales,31,1,3,9.217190668708334,3,3.5
1380,Sales,35,4,3,8.05263855579175,0,3.5
1382,Research & Development,38,4,3,7.239413985013259,2,3.5
1383,Research & Development,34,14,3,5.591737821017022,2,3.5
1387,Sales,28,5,3,9.222985036674476,0,2.0
1389,Research & Development,31,10,3,4.923614066908842,3,3.5
1390,Sales,39,5,3,8.738321783347182,2,2.5
1391,Sales,51,4,3,8.339816438766318,5,2.0
1392,Research & Development,41,6,3,2.1383534680158656,4,4.0
1394,Research & Development,37,6,3,7.712254629659102,2,3.0
1395,Sales,33,5,3,0.12171156943258765,2,3.0
1396,Sales,32,3,3,3.228295375480875,3,2.5
1397,Research & Development,39,6,4,2.295674446919498,2,3.0
1399,Sales,25,3,3,5.068629584873134,3,2.0
1401,Research & Development,52,5,3,7.368531616807855,3,3.5
1402,Research & Development,43,20,3,0.9767636744772412,3,2.0
1403,Sales,27,6,3,5.149222019367684,3,4.0
1405,Research & Development,27,8,3,9.384120216943856,2,3.5
1407,Research & Development,26,4,3,2.286465509829455,2,2.5
1408,Human Resources,42,20,3,6.771411441114241,5,2.0
1409,Research & Development,52,5,3,5.928802707811576,2,2.0
1411,Research & Development,37,3,3,0.1006369565609333,6,2.0
1412,Research & Development,35,2,3,4.758261958572227,2,3.5
1415,Research & Development,25,3,3,7.087703909410487,2,2.5
1417,Research & Development,26,7,3,0.439754320240906,2,2.0
1419,Human Resources,29,10,3,8.7952148302373,3,1.5
1420,Research & Development,49,4,4,5.20081416635673,2,1.0
1421,Research & Development,29,8,3,0.3066104832571792,1,3.5
1422,Research & Development,54,20,3,2.244136119208402,3,4.0
1423,Research & Development,58,9,4,9.53675696427313,3,2.5
1424,Research & Development,55,7,3,5.8231973305205535,4,3.0
1425,Sales,36,5,3,1.0747256776880454,3,1.5
1427,Sales,31,1,3,2.875445022805615,3,2.5
1428,Sales,30,3,3,4.567036258604842,3,2.5
1430,Research & Development,31,3,3,0.20950069267730465,3,1.5
1431,Research & Development,34,4,3,4.116155136137588,2,2.5
1433,Research & Development,31,1,3,4.894586354346981,3,1.5
1434,Research & Development,27,5,3,2.436778752812322,3,1.5
1435,Research & Development,36,10,3,5.886390002919866,2,2.5
1436,Sales,36,3,3,7.532401195921769,3,2.0
1438,Research & Development,47,6,3,2.358342241056355,2,2.5
1439,Sales,25,3,3,6.204999002799877,2,1.0
1440,Research & Development,37,6,3,6.396222429637416,2,3.0
1441,Research & Development,56,3,4,9.48540301128841,3,1.0
1443,Research & Development,47,20,3,7.782761672964438,2,2.0
1445,Sales,24,5,3,8.48345269790006,3,3.5
1446,Sales,32,4,3,4.904199084362752,3,4.0
1447,Research & Development,34,5,3,1.8534858697938283,2,3.0
1448,Research & Development,41,4,3,9.95815292959635,5,2.5
1449,Research & Development,40,8,3,1.2935576103869961,2,3.0
1453,Sales,31,13,3,4.714573193542654,5,2.5
1457,Sales,46,7,3,0.680930992421066,1,2.5
1458,Research & Development,39,1,4,9.438508573508194,2,1.0
1459,Research & Development,31,10,3,9.649249408484396,2,2.5
1460,Research & Development,45,7,3,7.193890620039736,2,1.5
1461,Human Resources,31,3,3,3.499928436301689,3,3.0
1464,Research & Development,31,2,3,2.5438240111762433,2,3.0
1465,Research & Development,45,3,3,2.653033245370474,4,3.0
1466,Sales,48,2,3,1.2729402542007473,3,2.0
1467,Human Resources,34,2,3,5.258089530767229,0,2.0
1468,Research & Development,40,9,3,1.418172757014775,5,3.0
1469,Sales,28,5,3,3.1673066655345625,4,2.5
1471,Research & Development,44,5,3,6.267064759591049,5,3.0
1472,Research & Development,53,9,3,7.275436095907498,2,3.0
1473,Research & Development,49,3,3,0.24272704622061214,0,2.0
1474,Research & Development,40,3,3,4.301159843767399,3,3.0
1475,Research & Development,44,5,3,6.52124594842139,3,3.0
1477,Sales,33,4,3,8.532459761585129,2,2.5
1478,Sales,34,13,3,4.753247822120824,2,2.5
1479,Sales,30,2,3,9.692058717176852,2,3.5
1480,Research & Development,42,12,3,2.656325475414473,3,2.5
1481,Sales,44,1,3,0.1350870662671888,4,2.0
1482,Research & Development,30,1,3,4.837528647017361,2,3.0
1483,Research & Development,57,12,4,2.5611379502001794,2,2.5
1484,Research & Development,49,8,3,8.237176720231695,3,2.5
1485,Research & Development,34,14,3,2.327726721811121,3,1.5
1486,Sales,28,3,3,3.106292182913063,3,2.0
1487,Sales,29,5,3,7.912274310191123,4,1.5
1489,Sales,34,15,4,7.1514325202536,2,1.5
1492,Sales,35,1,3,5.580512366572625,3,3.5
1494,Research & Development,24,0,3,7.0494806192275945,2,1.5
1495,Sales,24,1,3,4.186368635700265,2,3.0
1496,Research & Development,44,2,3,0.05310047614667801,2,2.5
1497,Sales,29,10,3,0.11355128512192558,3,3.0
1499,Human Resources,30,5,4,5.112217875736866,3,3.0
1501,Research & Development,55,3,3,0.8329097971899924,2,3.5
1502,Research & Development,33,5,3,0.5107548016925678,5,1.5
1503,Sales,47,5,3,9.655166391374733,4,3.0
1504,Research & Development,28,0,3,8.590026396580585,2,2.0
1506,Research & Development,28,1,3,1.5202722720956952,2,2.0
1507,Sales,28,4,3,0.006642185902044906,5,2.0
1509,Research & Development,49,3,4,9.416677953897564,3,2.0
1513,Research & Development,29,3,3,2.7832529832011432,3,3.0
1514,Research & Development,28,8,3,1.858976028554975,2,2.5
1515,Research & Development,33,0,3,6.915081078315353,6,3.5
1516,Research & Development,32,5,4,1.089037388413262,5,3.5
1520,Research & Development,54,14,4,2.646495980028003,2,3.0
1522,Research & Development,29,9,3,9.750946802120465,2,1.0
1523,Research & Development,44,20,3,6.394627744740102,1,2.5
1525,Research & Development,39,2,3,5.206777914825535,3,2.0
1527,Sales,46,13,3,3.9791861483493776,2,2.5
1529,Research & Development,35,11,3,7.74500954884202,3,3.0
1533,Research & Development,23,4,3,1.4095747652369373,2,2.0
1534,Research & Development,40,5,3,9.673378020369821,3,2.5
1535,Sales,34,10,3,8.611230080657867,3,3.5
1537,Research & Development,31,7,3,6.176569825692432,2,3.5
1539,Research & Development,50,32,3,0.42906190402558164,2,3.5
1541,Sales,34,11,4,7.008556494477377,4,2.5
1542,Research & Development,42,1,3,9.132843408854809,3,2.5
1543,Research & Development,37,10,3,5.24577067478626,2,2.5
1544,Research & Development,29,7,3,3.542248218272628,3,2.0
1545,Research & Development,33,5,3,1.2027734497946962,2,3.0
1546,Research & Development,45,5,4,7.549011041375683,3,4.0
1547,Research & Development,42,20,3,8.850218512118062,3,4.0
1548,Sales,40,8,3,1.0025174407584858,5,1.0
1549,Research & Development,33,15,3,7.589845547523419,3,2.5
1550,Human Resources,40,21,4,0.17060486259097507,2,3.5
1551,Research & Development,24,1,3,9.670549180772195,3,2.0
1552,Research & Development,40,2,3,6.150580206350962,2,4.0
1553,Research & Development,45,10,3,5.524390589916331,4,1.5
1554,Sales,35,5,4,2.959498335889278,5,2.5
1555,Research & Development,32,7,3,9.292916715697835,2,3.0
1556,Sales,36,3,4,2.65905627336791,3,3.5
1557,Sales,48,8,3,8.28146613216695,2,3.0
1558,Research & Development,29,1,3,9.85108679337132,2,3.0
1560,Sales,33,2,3,7.833966455148058,6,1.0
1562,Sales,30,10,3,5.189899203864318,4,1.5
1563,Human Resources,38,6,3,0.6607426385167192,2,3.0
1564,Research & Development,35,3,3,4.72413789171073,3,2.5
1568,Sales,30,4,3,4.382559469717036,3,2.5
1569,Research & Development,35,1,3,2.0279604118699526,2,1.0
1572,Research & Development,53,33,3,4.235876367143044,4,3.5
1573,Research & Development,38,5,3,3.577578840803387,2,2.5
1574,Research & Development,32,6,3,1.6368426115164847,3,2.5
1576,Research & Development,48,8,3,4.413741433324861,3,2.0
1577,Research & Development,34,1,3,2.6279995632448907,4,2.5
1578,Sales,55,36,4,5.220624206822643,3,3.5
1580,Research & Development,34,2,3,0.3516005971619418,3,3.0
1581,Research & Development,26,1,4,9.062314197872842,5,2.5
1582,Sales,38,9,3,8.16364305519856,3,2.5
1583,Sales,38,3,3,5.525813325105045,5,2.0
1585,Sales,36,1,3,8.518085827572431,5,2.5
1586,Research & Development,29,10,3,9.623950738108004,3,1.5
1587,Research & Development,35,5,3,1.1052229405266056,4,2.0
1588,Sales,39,7,3,6.308318084098038,3,3.5
1590,Research & Development,29,6,3,9.979940009356586,0,2.5
1591,Sales,50,1,3,9.87889169333526,2,3.0
1592,Research & Development,23,2,3,6.033229922907446,2,3.5
1594,Research & Development,36,3,3,1.2802087045081667,3,1.0
1595,Research & Development,42,1,4,5.831928309905282,2,4.0
1596,Research & Development,35,10,3,0.020646355744217137,3,2.5
1597,Research & Development,34,8,3,1.9891133466685962,3,3.5
1598,Sales,40,5,3,9.5612315955996,2,2.5
1599,Research & Development,43,6,3,3.3044057260284387,0,3.0
1601,Research & Development,35,1,3,6.383901057769485,5,3.5
1602,Sales,46,26,3,2.808594946322427,5,2.5
1604,Research & Development,28,1,3,9.478218871115896,3,2.5
1605,Research & Development,22,4,3,7.285587299494868,2,2.5
1606,Research & Development,50,30,3,3.296511575814126,3,2.5
1607,Research & Development,32,3,3,7.917614211803708,3,3.0
1608,Research & Development,44,22,3,1.0816552447633765,4,3.0
1609,Research & Development,30,6,3,3.923189400654594,3,2.0
1611,Research & Development,45,10,3,2.2121812773159233,3,2.0
1612,Sales,45,10,3,6.837264472760463,2,1.0
1613,Sales,31,5,3,1.0244628177193038,3,2.5
1614,Research & Development,36,3,3,3.9702583228267407,2,3.0
1615,Research & Development,34,9,3,2.7664973020918957,3,3.5
1617,Research & Development,49,9,3,5.063429193238042,3,2.0
1618,Research & Development,39,7,3,3.4989768050387893,3,1.5
1619,Research & Development,27,7,3,7.06410577667011,3,2.5
1621,Research & Development,35,16,3,0.24577024306966067,2,1.5
1622,Research & Development,28,5,4,6.339869213059075,5,1.5
1623,Research & Development,21,2,3,2.3057128969382,2,3.5
1624,Sales,18,0,3,2.687090287568493,2,3.0
1625,Human Resources,47,5,3,8.002556035835235,2,3.5
1627,Research & Development,39,10,3,9.555683939804208,3,3.0
1628,Research & Development,40,18,3,3.1655021002708663,2,2.0
1630,Research & Development,35,14,3,8.268052703690756,5,3.0
1631,Research & Development,37,4,3,1.039908379712331,2,3.0
1633,Research & Development,39,9,3,6.339816530073832,2,2.0
1635,Research & Development,45,10,3,7.510322995349188,3,4.0
1638,Research & Development,38,5,3,1.5597792803445654,6,3.5
1639,Sales,35,13,3,4.260023876695605,3,2.5
1640,Research & Development,37,8,3,8.927071642489816,2,2.0
1641,Research & Development,40,4,3,1.0357846344837218,2,3.5
1642,Human Resources,44,10,3,0.1809635820147515,3,2.5
1644,Research & Development,48,2,4,5.905853790479338,3,3.5
1645,Sales,35,2,3,4.355315405309335,2,2.5
1646,Research & Development,24,6,3,7.986892488839027,2,2.5
1647,Research & Development,27,3,3,9.234555382041066,0,2.5
1648,Research & Development,27,4,3,2.991536445438161,0,4.0
1649,Research & Development,40,4,3,3.884041171691053,3,1.0
1650,Sales,29,5,3,4.8627208632931485,2,3.0
1651,Research & Development,36,3,3,5.881514604352994,6,1.5
1653,Research & Development,25,7,3,9.838538296816168,6,3.5
1654,Research & Development,39,5,4,6.973302508300515,3,3.0
1655,Research & Development,49,4,3,3.8954850734556876,2,1.5
1656,Research & Development,50,14,3,2.637676864504621,3,2.5
1657,Sales,20,2,3,9.44625718422124,3,3.0
1658,Research & Development,34,11,3,1.355484331085064,2,3.0
1659,Research & Development,36,4,3,7.20265852504758,4,1.5
1661,Research & Development,49,15,3,9.253950252924406,3,3.0
1662,Research & Development,36,3,3,6.646655865344386,6,3.5
1664,Research & Development,36,5,4,4.230544401661211,3,2.5
1665,Research & Development,54,10,4,1.98990939925484,6,2.5
1666,Research & Development,43,14,4,3.6747532225192723,3,3.0
1667,Sales,35,11,4,7.068718094201221,2,4.0
1668,Research & Development,38,13,3,6.495342241752969,4,4.0
1669,Sales,29,10,3,9.279761665983578,3,1.5
1670,Sales,33,6,3,8.66860913659375,5,4.0
1671,Research & Development,32,9,3,8.161507522663683,4,3.0
1673,Sales,31,10,3,9.114508753507623,2,2.5
1674,Research & Development,49,2,3,2.763371527370494,2,2.5
1675,Research & Development,38,4,4,3.695235401396495,3,3.0
1676,Sales,47,3,3,3.798939037860174,2,2.0
1677,Research & Development,49,8,3,5.604505887097803,2,3.0
1678,Sales,41,2,3,6.68218229542771,2,3.5
1680,Sales,20,2,3,2.867166830403943,3,2.5
1681,Sales,33,6,4,0.19462467309300346,2,3.5
1682,Research & Development,36,3,3,3.992223836579093,2,2.0
1683,Human Resources,44,2,3,3.085279595544005,2,3.5
1684,Research & Development,23,5,3,9.421847190180479,2,3.5
1687,Research & Development,38,0,3,8.882650405440435,5,3.5
1689,Research & Development,53,4,3,8.603106783434196,2,3.0
1691,Sales,48,9,3,6.529997609452431,3,3.5
1692,Research & Development,32,1,3,3.4428916469893887,2,3.0
1693,Research & Development,26,7,4,5.488492673993047,5,4.0
1694,Research & Development,55,4,3,8.152250407163727,1,1.5
1696,Research & Development,34,15,3,0.9861036872281104,3,3.0
1697,Research & Development,60,1,4,8.010748802553048,2,3.5
1698,Research & Development,33,14,3,0.4117979132812166,6,2.0
1700,Sales,37,6,3,8.164210312143558,2,3.5
1701,Research & Development,34,10,3,8.075638041598735,3,3.0
1702,Sales,23,3,4,0.5100730882875582,2,3.5
1703,Research & Development,44,8,3,6.271607114618583,2,3.5
1704,Research & Development,35,5,3,5.024530743128972,2,2.5
1706,Sales,43,10,3,1.6981950317171468,3,4.0
1707,Research & Development,24,5,3,1.4837893767737564,1,3.0
1708,Sales,41,10,3,7.732591260670231,3,3.5
1709,Research & Development,29,5,3,5.676927488368441,2,3.5
1710,Sales,36,13,3,9.829991349165324,2,3.5
1712,Research & Development,45,23,4,9.822477772883442,3,3.0
1714,Human Resources,24,1,3,9.926669934642664,2,3.5
1716,Sales,47,23,3,1.186155183657659,3,3.0
1718,Research & Development,26,3,3,9.382561369639623,3,3.5
1719,Research & Development,45,21,3,2.4456960902056277,2,3.0
1720,Research & Development,32,5,3,4.58212259758612,3,2.0
1721,Research & Development,31,5,3,7.574065558217259,2,2.5
1722,Human Resources,41,3,3,2.0362093207723198,4,2.5
1724,Research & Development,40,1,3,5.663116055543299,3,1.5
1725,Research & Development,24,6,3,1.858167482259957,2,1.5
1727,Research & Development,46,10,3,1.047361066812933,3,2.5
1728,Research & Development,35,7,3,1.1655861242959853,3,3.5
1729,Research & Development,30,10,3,3.576390348482188,2,3.0
1731,Sales,47,1,3,0.04654836837183485,3,2.5
1732,Sales,46,10,3,4.248539212016896,5,3.5
1733,Sales,36,2,3,6.64197105081149,3,1.5
1734,Sales,32,0,3,4.016881850039887,2,1.5
1735,Research & Development,23,3,3,0.8579460051983512,3,2.5
1736,Research & Development,31,5,4,0.6268886202364055,3,4.0
1737,Research & Development,39,9,3,2.781165127648617,2,4.0
1739,Sales,32,4,3,1.6931269054360076,2,3.5
1740,Sales,40,21,3,9.650949732179694,3,2.0
1744,Human Resources,45,5,4,1.51230224974085,2,3.0
1745,Research & Development,30,9,3,8.054624374049965,2,2.5
1746,Human Resources,24,2,3,5.861079417411448,2,2.5
1747,Human Resources,30,4,3,5.692869199842944,0,3.5
1749,Sales,31,5,3,5.120807159237845,3,2.0
1751,Research & Development,27,6,3,9.71763076113951,5,3.5
1752,Sales,29,2,3,3.638447750916378,3,2.0
1753,Research & Development,29,3,3,7.8791575095387625,5,3.5
1754,Sales,30,7,3,5.552941074669596,2,2.0
1755,Research & Development,34,5,3,3.9563366762572616,3,4.0
1756,Sales,33,11,3,9.55465933305781,2,3.0
1757,Sales,49,5,3,5.983159693646871,1,4.0
1758,Sales,33,0,4,1.1891694214601356,2,1.0
1760,Research & Development,38,6,3,4.175392009968566,4,2.5
1761,Sales,31,1,3,7.815817276816076,2,2.0
1762,Research & Development,29,1,3,6.937470232392138,2,2.5
1763,Research & Development,30,7,3,9.163403298365742,3,3.0
1764,Research & Development,32,7,3,2.593773841415202,3,2.0
1766,Research & Development,38,1,3,7.581937163538238,2,3.0
1767,Research & Development,43,1,3,4.598752073945209,4,3.0
1768,Research & Development,42,5,4,5.736097469668154,6,2.0
1770,Research & Development,55,1,3,9.55046681006283,2,2.0
1771,Research & Development,33,9,3,9.792863199891773,2,3.0
1772,Research & Development,41,5,4,8.615909639255635,2,2.0
1774,Sales,34,15,3,3.5909708773029623,3,3.5
1775,Research & Development,53,3,4,8.877008357273198,2,2.0
1778,Human Resources,43,9,3,6.38609177641413,5,3.0
1779,Sales,34,2,3,4.299967804707131,3,4.0
1780,Sales,21,1,3,0.35742682500483736,3,2.0
1782,Research & Development,38,5,3,7.701281241915821,3,3.5
1783,Research & Development,22,1,3,5.02105580724113,6,2.0
1784,Sales,31,12,3,7.861884994650607,3,2.5
1786,Research & Development,51,2,3,7.480227993432699,2,2.0
1787,Sales,37,5,3,7.93567368048352,2,2.0
1789,Research & Development,46,2,3,3.0065115869676684,3,3.5
1790,Research & Development,36,12,3,8.00798599067631,1,2.5
1792,Research & Development,44,5,3,5.488463284661673,2,2.5
1794,Human Resources,37,10,3,4.733262004491432,4,2.5
1797,Sales,35,10,3,6.751259138207569,2,3.5
1798,Research & Development,33,10,3,0.21358682938348306,1,2.5
1799,Research & Development,28,5,3,1.0231681588759423,6,3.5
1800,Research & Development,39,4,4,2.9217736516752204,3,3.0
1801,Sales,46,2,3,9.829901099578397,3,2.0
1802,Research & Development,40,4,3,1.3974577886495498,5,2.0
1803,Research & Development,42,0,3,3.305963007592103,2,1.5
1804,Research & Development,35,7,3,0.5105306469192361,6,3.0
1805,Human Resources,38,11,3,3.312688802927263,3,1.5
1807,Research & Development,34,7,3,3.203262865108316,3,2.5
1809,Research & Development,37,10,3,9.468071709445221,4,2.5
1812,Sales,39,2,3,8.451540869957203,6,3.5
1813,Research & Development,43,3,3,3.8276421924277146,2,2.0
1814,Research & Development,41,3,3,0.2476905803924867,3,2.0
1815,Sales,41,22,3,8.310311139953782,3,3.0
1816,Research & Development,30,7,3,6.605361771445402,3,2.0
1818,Human Resources,26,5,3,1.5236448365130972,3,3.0
1821,Research & Development,46,9,4,9.960712710101872,2,3.0
1822,Research & Development,40,5,3,1.0023343742412305,3,3.5
1823,Sales,34,10,4,8.671145415936628,5,2.5
1824,Sales,58,16,4,2.9426616412968896,0,2.0
1826,Research & Development,35,5,3,4.353534663251571,2,2.5
1827,Research & Development,47,22,3,7.954565267763146,4,2.5
1829,Research & Development,40,7,3,6.775083559940103,3,1.5
1830,Research & Development,54,7,3,9.378643744440392,2,4.0
1833,Sales,31,3,3,6.211403254603832,3,1.0
1834,Research & Development,28,3,4,0.9781016147905275,3,2.0
1835,Sales,38,4,4,8.843603632419503,4,3.0
1836,Sales,26,5,3,7.69155524988591,4,3.5
1837,Research & Development,58,2,3,7.11870450893322,3,2.0
1839,Research & Development,18,0,3,0.5373354735373537,4,2.5
1842,Human Resources,31,1,3,3.9622274466174403,4,2.5
1844,Human Resources,29,2,3,1.6743581945953923,3,1.0
1845,Sales,45,8,4,8.21903908407869,3,3.0
1847,Research & Development,36,1,4,7.005286228178628,2,3.0
1849,Sales,43,7,4,8.830775973191352,5,2.5
1850,Research & Development,27,5,3,9.66575106924164,3,4.0
1852,Research & Development,29,11,3,7.747476141924986,3,4.0
1853,Sales,32,0,3,9.94233083220762,2,4.0
1854,Research & Development,42,6,4,6.147698861442988,1,3.0
1856,Research & Development,47,2,3,0.37129603891447815,2,2.5
1857,Research & Development,46,9,3,0.1425151515029588,4,4.0
1858,Human Resources,28,3,3,3.4210387520378873,2,3.5
1859,Research & Development,29,7,3,8.234717190675372,3,3.5
1860,Research & Development,42,0,3,8.66134706324731,3,3.5
1862,Sales,32,2,3,9.608125288226779,3,2.5
1863,Sales,46,19,3,0.651214685488184,5,1.0
1864,Sales,27,9,4,0.44571110987664087,5,2.5
1865,Human Resources,29,1,3,9.132835963670336,3,3.0
1866,Research & Development,43,16,3,3.050466983628616,2,2.0
1867,Research & Development,48,22,3,5.579874006096327,3,3.0
1868,Research & Development,29,1,4,9.824448830007098,3,4.0
1869,Sales,46,8,4,4.004485347359234,2,2.5
1870,Research & Development,27,7,3,6.658713983098399,2,2.5
1871,Research & Development,39,2,3,4.008795636319853,2,4.0
1873,Research & Development,55,5,4,7.681946644627797,2,3.0
1875,Sales,28,1,3,5.277147255728658,3,2.0
1876,Sales,30,1,3,2.3752313798634974,3,3.0
1878,Research & Development,22,1,4,2.713061012584662,2,3.0
1880,Sales,36,10,3,2.5805921253840722,4,2.5
1881,Research & Development,31,10,3,5.323203282585608,2,2.5
1882,Sales,34,5,3,7.031890160156643,3,3.5
1883,Research & Development,29,3,3,9.492799000431422,2,2.5
1885,Research & Development,37,5,4,6.940873750829799,2,2.5
1886,Research & Development,35,3,3,7.811928439623906,2,3.0
1888,Research & Development,45,9,3,1.6892611586456563,2,3.0
1890,Human Resources,36,10,4,3.740626250073257,2,3.0
1892,Research & Development,40,19,3,4.13780219858266,3,1.0
1893,Research & Development,26,1,3,6.86380230000473,3,2.5
1898,Sales,27,8,3,2.958919763768736,5,2.0
1900,Research & Development,48,22,3,3.032919214196661,3,4.0
1903,Research & Development,44,2,3,3.558891546408681,5,1.5
1905,Research & Development,34,5,4,8.103020815432323,2,2.5
1907,Research & Development,56,4,3,5.775900900433487,3,2.5
1908,Sales,36,4,3,0.7527727983273447,1,2.5
1909,Sales,41,5,4,0.7824609969046881,3,2.5
1911,Research & Development,42,13,3,3.712869442824993,3,2.0
1912,Sales,31,5,3,7.665910506061583,2,3.5
1915,Sales,34,4,3,6.886834264786805,3,4.0
1916,Research & Development,31,2,3,7.079823546511866,0,2.0
1918,Research & Development,26,7,3,7.672100660540969,3,3.5
1922,Research & Development,45,4,3,2.8715271288632938,3,2.5
1924,Sales,33,10,3,5.482562819420879,2,2.5
1927,Sales,28,7,3,5.433526403167695,2,3.5
1928,Sales,29,1,3,7.396325011799493,3,2.0
1929,Sales,39,3,3,9.568705691056463,1,2.0
1931,Research & Development,27,5,3,2.779899447954659,3,2.0
1932,Research & Development,34,15,3,7.932816727570482,3,3.5
1933,Sales,28,2,3,6.599705485232624,0,3.5
1934,Research & Development,47,8,3,5.802378708634601,4,2.5
1935,Sales,56,0,3,7.7487977934740195,3,2.5
1936,Research & Development,39,10,4,9.440324664280993,3,1.0
1937,Research & Development,38,20,3,0.3669141786941299,3,3.0
1938,Sales,58,1,3,1.4740010251322067,2,4.0
1939,Research & Development,32,4,3,7.562872315011157,2,2.0
1940,Research & Development,38,5,3,0.8379135291008455,0,3.0
1941,Research & Development,49,5,3,5.16123700741093,3,3.0
1943,Sales,42,0,3,2.1986077664160697,4,3.0
1944,Human Resources,27,1,3,2.742957038427515,2,1.5
1945,Sales,35,5,3,7.0184048294441626,2,1.5
1947,Research & Development,28,5,3,0.30192773268711615,3,3.0
1948,Research & Development,31,4,3,8.733194279019036,3,2.0
1949,Research & Development,36,5,4,4.4447895535227,3,1.5
1950,Sales,34,14,4,5.023932939071011,3,2.5
1951,Sales,34,8,3,5.400479636936919,2,3.5
1952,Research & Development,26,7,3,6.455442945794939,6,2.0
1954,Research & Development,29,5,3,3.448565866227481,5,1.0
1955,Research & Development,32,5,3,1.0110749056349133,6,3.5
1956,Research & Development,31,10,4,3.183789366661766,6,2.5
1960,Research & Development,28,4,3,1.681421180228203,2,3.5
1961,Sales,38,1,3,5.561331794504739,3,1.0
1962,Sales,35,10,3,3.180286309603865,2,3.5
1965,Sales,27,7,3,9.580671779934349,5,4.0
1966,Research & Development,32,1,4,9.657342779802807,1,4.0
1967,Sales,31,10,3,6.201258805682414,4,2.5
1968,Sales,53,2,3,6.174972676672859,2,1.0
1969,Research & Development,54,4,3,9.85378564567106,6,2.0
1970,Research & Development,33,9,4,8.87283151235186,2,3.5
1971,Research & Development,43,10,3,7.6506994915814,1,2.0
1972,Human Resources,38,6,3,3.135906117427012,2,3.0
1973,Human Resources,55,10,3,3.6553902811807637,0,2.5
1974,Research & Development,31,1,3,2.012667657608654,4,4.0
1975,Sales,39,20,3,4.871481269173747,3,1.5
1976,Research & Development,42,20,3,9.903685221395795,2,3.5
1979,Research & Development,31,11,4,9.121509530115887,2,3.0
1980,Research & Development,54,5,3,1.1834943401946907,3,2.0
1981,Research & Development,24,4,3,0.2519028929050615,2,2.5
1982,Research & Development,23,5,3,8.986376684082662,6,4.0
1985,Research & Development,40,10,3,5.371701279487074,2,3.5
1986,Sales,40,11,3,2.0018988820845616,4,2.0
1987,Human Resources,25,2,3,6.736532695846353,3,2.5
1989,Research & Development,30,12,3,6.4422317792982,6,3.0
1992,Research & Development,25,2,3,1.2208560683646719,2,3.5
1993,Research & Development,47,17,4,2.596002334976195,3,2.0
1994,Research & Development,33,1,3,0.6007796431325796,2,2.5
1995,Sales,38,15,3,2.0986047387014195,3,3.0
1996,Sales,31,2,3,1.3230567485306288,1,2.0
1997,Research & Development,38,8,3,1.932362924745561,1,2.0
1998,Research & Development,42,4,3,6.85467145913117,3,2.5
1999,Research & Development,41,5,4,0.49499744261067735,3,4.0
2000,Research & Development,47,13,3,1.0185461524821648,3,2.5
2003,Research & Development,35,2,3,1.3417363807828764,3,3.5
2007,Research & Development,22,3,3,3.1654112095813405,2,3.5
2008,Research & Development,35,10,3,2.9875031085194093,5,2.5
2009,Research & Development,33,9,3,2.5506378531663945,6,3.0
2010,Research & Development,32,6,3,7.505366534324162,3,2.5
2012,Research & Development,40,1,3,9.980227877581006,3,2.5
2013,Sales,32,2,3,5.339779236287958,2,2.0
2014,Research & Development,39,7,3,9.442027179139421,2,2.5
2015,Research & Development,38,18,3,3.966101121260647,3,2.5
2016,Sales,32,14,3,1.0668244680271344,3,3.5
2017,Research & Development,37,16,4,4.087738294698373,2,3.5
2018,Sales,25,5,4,2.9612777341469334,3,2.0
2019,Sales,52,9,3,4.934069622891782,3,2.5
2020,Research & Development,44,4,3,6.570436769164232,2,3.0
2021,Sales,21,2,3,4.610502191524082,6,2.0
2022,Research & Development,39,6,3,9.351605120778256,3,4.0
2023,Sales,23,1,3,8.847648222993799,3,2.5
2024,Sales,36,9,3,7.0197759516619715,2,2.5
2025,Research & Development,36,4,3,4.896849123645492,3,3.0
2026,Research & Development,56,13,4,1.3168728181445688,2,3.0
2027,Research & Development,29,2,3,3.970136667776334,3,2.5
2031,Research & Development,42,22,3,7.044015394011737,2,2.0
2032,Research & Development,56,10,3,2.848855205537312,4,3.5
2034,Research & Development,41,20,4,1.0398807754342043,3,1.5
2035,Sales,34,8,4,9.078984575106281,2,3.5
2036,Sales,36,15,4,7.090508098155446,4,4.0
2037,Sales,41,5,3,6.152764266350972,5,2.5
2038,Research & Development,32,4,3,7.924989056089165,4,2.5
2040,Human Resources,35,9,3,8.356460375834757,2,3.5
2041,Sales,38,10,3,4.834589981710233,1,2.5
2044,Sales,50,6,3,8.8118825140944,3,2.5
2045,Sales,36,6,3,9.164190107011054,2,3.0
2046,Sales,45,5,3,2.715510954247814,3,3.5
2048,Research & Development,40,2,3,6.075453597907943,2,3.0
2049,Research & Development,35,10,3,5.265840288204692,2,3.0
2051,Research & Development,40,5,3,5.379457791519025,2,3.0
2052,Research & Development,35,4,3,9.37663093964562,5,3.5
2053,Research & Development,29,4,3,3.05188702693029,2,3.0
2054,Research & Development,29,5,3,9.834339782345761,3,2.5
2055,Sales,50,3,3,9.021312148042322,3,2.5
2056,Sales,39,20,3,4.587228886135026,2,3.0
2057,Research & Development,31,9,3,8.174532636181661,2,1.5
2060,Sales,26,4,3,7.690469943201405,2,3.5
2061,Research & Development,36,5,3,6.7789496961852125,3,3.5
2062,Research & Development,39,7,3,3.1983388938315427,5,2.5
2064,Research & Development,27,6,4,1.9645099182095394,0,2.0
2065,Sales,49,9,3,6.715276967657582,3,3.0
2068,Research & Development,34,4,3,8.429732964010842,3,2.5
